0.333332914,0.092225215,0.712087115,-0.213845182,0.646723126,0.000137255,4.45E-05,-4.28E-05,0.039725958,1.53E-05,0.012713021,0.012713021,0.993643489,0.970563654,0.985171694,0.247356208,4.297174779,19.09028625,0.562841431,0
0.173427746,0.064257572,1.11601701,-0.272406038,0.336504583,-8.83E-05,8.01E-06,-4.65E-05,0.02090095,1.53E-05,3.08E-05,3.08E-05,0.999984601,0.999938405,0.999969202,-1.54E-05,2.779218737,20.77787781,0.513749285,0
0.119900692,0.01990796,1.27484862,1.99300691,0.232498854,9.75E-06,0.000136689,1.62E-05,0.013998668,1.53E-05,0,0,1,1,1,1,3.464700322,18.15644836,0.549789822,0
0.172230739,0.025991381,1.423084472,3.078688604,0.334719152,2.59E-05,-2.97E-05,1.16E-05,0.0207729,1.53E-05,0,0,1,1,1,1,4.626310593,18.20320129,0.555798542,0
0.184585212,0.03479978,0.552790742,-0.642028105,0.358230923,6.81E-05,0.000114079,-1.35E-05,0.021836592,1.53E-05,0,0,1,1,1,1,3.644488658,19.14248657,0.918615317,0
0.219938211,0.038609423,1.283396169,1.878262416,0.430278919,5.26E-05,-9.15E-05,4.63E-05,0.027462629,1.53E-05,0.000713526,0.000713526,0.999643237,0.998548099,0.999273786,0.034365327,3.295585756,19.114151,0.546567955,0
0.210309735,0.05264848,1.500947106,1.963876756,0.410173498,0.000196543,0.000360613,-3.71E-06,0.025536099,1.53E-05,0.00134484,0.00134484,0.99932758,0.997210503,0.998604277,0.070249079,3.521340562,19.16011047,0.548865745,0
0.228710339,0.037319332,0.497290883,-0.281132857,0.444830469,-7.58E-05,-0.000197471,3.35E-05,0.027817515,1.53E-05,0,0,1,1,1,1,4.717789853,17.95225525,0.561470599,0
0.260544781,0.083623883,0.672837562,-0.612986532,0.505218384,0.000152381,0.000182083,3.45E-05,0.030885371,1.53E-05,0.002576981,0.002576981,0.998711509,0.994723098,0.997358058,0.047952185,3.418895648,19.89598083,0.552553606,0
0.202478506,0.045093041,1.602511373,2.957253726,0.400498622,0.000603289,0.000222227,1.86E-06,0.026864025,1.53E-05,0.00052357,0.00052357,0.999738215,0.998953271,0.999476498,-0.000261854,4.088891199,19.03631592,0.557198103,0
0.201803709,0.04662331,1.668692475,3.204877025,0.399300793,0.000709682,0.000689088,6.39E-05,0.027219533,1.53E-05,0.001878864,0.001878864,0.999060568,0.996155526,0.998075911,0.045934641,4.038451435,19.50534058,0.557218338,0
0.223583506,0.041014793,1.158321307,1.505921981,0.435789984,-3.24E-05,8.51E-05,-9.40E-06,0.02690244,1.53E-05,0.001514341,0.001514341,0.99924283,0.996764748,0.998381062,0.121265986,4.21120615,17.54121399,0.547623808,0
0.214676442,0.036506355,0.394117613,-1.249104261,0.418237832,-0.000116516,0.000110091,3.45E-05,0.026220729,1.53E-05,0,0,1,1,1,1,3.971144656,17.82432556,0.551309087,0
0.37035684,0.088243403,-0.004896625,-1.580036792,0.720830908,-0.000212612,0.00016365,6.50E-06,0.044569945,1.53E-05,0.000123193,0.000123193,0.999938404,0.999753637,0.999876811,-6.16E-05,4.974419358,17.0642395,0.554239713,0
0.246639356,0.028941031,0.062149605,-1.387018403,0.480963351,2.13E-05,5.40E-06,1.10E-05,0.029953262,1.53E-05,0,0,1,1,1,1,4.712107509,16.73425293,0.553457083,0
0.221100452,0.055251385,0.460232502,-1.208188639,0.428903498,-5.18E-05,-0.000105131,-1.28E-05,0.026417972,1.53E-05,0,0,1,1,1,1,4.117849153,18.06262207,0.545870844,0
0.155421298,0.027546541,1.562710242,3.236243774,0.301450052,-4.83E-05,-9.75E-05,-1.76E-05,0.018369667,1.53E-05,0.000118046,0.000118046,0.999940977,0.999758782,0.999879384,0.04160764,4.316506577,17.57650757,0.557773096,0
0.18298639,0.048177989,1.031424596,-0.421610188,0.35622288,5.75E-05,0.000116023,-1.60E-05,0.022027155,1.53E-05,0,0,1,1,1,1,3.247690501,18.53381348,0.521693389,0
0.131030453,0.030759834,1.57258009,2.509577221,0.261693769,0.001090164,0.00039964,-5.94E-05,0.020376694,1.53E-05,0,0,1,1,1,1,3.532656923,19.60583496,0.866601304,0
0.632594987,0.156928675,-0.414738421,-1.505010607,1.271677819,4.72E-05,0.00021602,1.45E-05,0.086022096,1.53E-05,0.013413587,0.013413587,0.993293207,0.494638461,0.703289683,0.972732132,3.143920589,19.55535889,0.789815499,0
0.299949137,0.112573431,0.767781302,-0.70235121,0.581821325,7.84E-05,-0.000193526,-3.88E-05,0.035612584,1.53E-05,0.007774012,0.007774012,0.996112994,0.980347932,0.990125116,0.349080954,3.768449801,19.22990417,0.55238586,0
0.116729138,0.019338511,1.184810478,1.094340382,0.226344196,8.75E-05,6.75E-05,-4.41E-06,0.01365244,1.53E-05,0,0,1,1,1,1,3.703876436,18.26901245,0.547454089,0
0.117939669,0.034310069,1.602408501,2.209289646,0.228677341,-0.00013273,-0.000190509,2.46E-05,0.013684712,1.53E-05,6.16E-05,6.16E-05,0.999969202,0.999876813,0.999938404,-3.08E-05,2.803036271,20.42906189,0.513186214,0
0.189424163,0.027309101,1.213294789,1.533328433,0.371112658,0.000840469,-7.19E-06,-1.60E-05,0.023810489,1.53E-05,0.000230987,0.000230987,0.999884507,0.999522711,0.999761327,0.062384492,3.790189379,18.77127075,0.541523664,0
0.17120104,0.026687026,1.459228804,3.17038199,0.332736309,-0.000139706,-2.04E-05,-2.04E-05,0.020602299,1.53E-05,0,0,1,1,1,1,4.617434663,18.51824951,0.555562356,0
0.17120104,0.026687026,1.459228804,3.17038199,0.332736309,-0.000139706,-2.04E-05,-2.04E-05,0.020602299,1.53E-05,0,0,1,1,1,1,4.617434663,18.51824951,0.555562356,0
0.117415604,0.020068678,1.338614163,2.295820379,0.227671076,3.09E-05,-7.19E-05,-1.81E-05,0.013634147,1.53E-05,0,0,1,1,1,1,3.442620684,18.71273804,0.549674908,0
0.223583506,0.041014793,1.158321307,1.505921981,0.435789984,-3.24E-05,8.51E-05,-9.40E-06,0.02690244,1.53E-05,0.001514341,0.001514341,0.99924283,0.996764748,0.998381062,0.121265986,4.21120615,17.54121399,0.547623808,0
0.195982929,0.032671552,0.465326136,-1.485357859,0.387439079,0.000122883,-0.000458333,3.40E-05,0.026771131,1.53E-05,0,0,1,1,1,1,4.253209883,18.34971619,0.540271748,0
0.220892095,0.037438936,1.221728134,1.607490641,0.434567092,8.70E-05,-9.28E-05,2.71E-05,0.028066151,1.53E-05,8.73E-05,8.73E-05,0.999956366,0.999820349,0.99991017,0.055511919,3.569701592,19.05484009,0.546163359,0
0.198685171,0.029789077,0.734723441,-0.744612284,0.387955636,-4.04E-05,6.26E-05,-2.92E-05,0.024068609,1.53E-05,0,0,1,1,1,1,4.232900859,17.85716248,0.543094577,0
0.142544256,0.026980438,1.759356219,3.987317978,0.279592285,-0.000873796,2.45E-05,-2.33E-05,0.017053286,1.53E-05,0,0,1,1,1,1,4.395774347,18.30787659,0.551999544,0
0.204921528,0.048352278,1.582507596,2.209746896,0.400256526,-8.46E-05,0.000326372,7.21E-05,0.025301013,1.53E-05,0.00106263,0.00106263,0.999468685,0.997830382,0.998914601,0.041135057,3.598913071,18.848526,0.54170504,0
0.170070873,0.024303084,1.332492242,2.82159767,0.330552036,1.08E-05,-1.36E-05,8.12E-07,0.020500092,1.53E-05,0,0,1,1,1,1,4.46168503,18.0163269,0.555237513,0
0.210235895,0.051502532,1.458865792,1.81253765,0.410053748,0.000106625,-7.83E-05,5.45E-06,0.025437846,1.53E-05,0.000811067,0.000811067,0.999594466,0.998358385,0.999178855,0.024285656,3.628059435,18.99311829,0.548741841,0
0.271237242,0.049529227,0.68137308,-0.0543872,0.527964309,0.000140765,-0.000241429,-3.18E-05,0.032579411,1.53E-05,0.000123193,0.000123193,0.999938404,0.999753637,0.999876811,-6.16E-05,5.083775776,16.90968323,0.557224615,0
0.189776851,0.050681343,0.98104628,0.374794951,0.368117096,0.000217775,9.89E-05,1.26E-05,0.022588997,1.53E-05,3.08E-05,3.08E-05,0.999984601,0.999938405,0.999969202,-1.54E-05,3.620070799,18.53059387,0.547194621,0
0.189776851,0.050681343,0.98104628,0.374794951,0.368117096,0.000217775,9.89E-05,1.26E-05,0.022588997,1.53E-05,3.08E-05,3.08E-05,0.999984601,0.999938405,0.999969202,-1.54E-05,3.620070799,18.53059387,0.547194621,0
0.120085353,0.034975308,1.593256064,2.17144617,0.234521015,0.000280427,0.000146377,-9.63E-06,0.014752837,1.53E-05,0,0,1,1,1,1,2.792410647,20.71839905,0.533142489,0
0.212928443,0.104969029,1.169910694,-0.415166919,0.412982031,-7.55E-05,0.000192728,-4.29E-06,0.024600513,1.53E-05,0.000184789,0.000184789,0.999907605,0.999630472,0.999815219,-9.24E-05,2.770861533,20.68222046,0.507348823,0
0.254319853,0.046047663,0.716734087,-0.112631514,0.496004608,6.63E-05,-0.000151714,3.89E-05,0.030413475,1.53E-05,0,0,1,1,1,1,4.20238684,17.95056152,0.553397898,0
0.299896539,0.100791291,0.479572057,-1.258495622,0.581582097,-0.000588395,-0.000178109,0.000104885,0.035067415,1.53E-05,0.000479966,0.000479966,0.999760017,0.999027614,0.999513689,0.025801624,4.031959863,19.99305725,0.542762858,0
0.220578123,0.068616302,0.690746877,-0.873117461,0.427686623,-7.16E-05,-7.67E-05,1.33E-05,0.026145982,1.53E-05,0.000172004,0.000172004,0.999913998,0.999643254,0.999821611,0.069358435,3.337330433,19.93023682,0.543465654,0
0.126492968,0.016423504,1.125475617,1.165895845,0.245382788,1.04E-05,0.000180444,3.09E-05,0.014991595,1.53E-05,0,0,1,1,1,1,3.559322878,18.18504333,0.549396541,0
0.120549699,0.024423869,1.196237752,1.058052141,0.233737789,1.18E-05,-5.71E-05,9.98E-06,0.013858285,1.53E-05,0,0,1,1,1,1,2.953388411,19.30325317,0.539966211,0
0.116729138,0.019338511,1.184810478,1.094340382,0.226344196,8.75E-05,6.75E-05,-4.41E-06,0.01365244,1.53E-05,0,0,1,1,1,1,3.703876436,18.26901245,0.547454089,0
0.248001099,0.034616037,0.008807826,-0.82108327,0.481211901,0.000187058,5.03E-05,1.30E-05,0.029456327,1.53E-05,0,0,1,1,1,1,4.44994358,18.04325867,0.55792233,0
0.139360914,0.020771344,1.144397352,1.762766537,0.270448341,-0.000209378,-1.90E-06,-2.98E-05,0.016395337,1.53E-05,0,0,1,1,1,1,3.952256405,19.05632019,0.558473679,0
0.113739373,0.019418985,1.231028526,1.257418584,0.220540753,9.53E-05,-0.000147682,-8.24E-06,0.013208056,1.53E-05,0,0,1,1,1,1,3.603398311,18.63253784,0.547196509,0
0.125946823,0.016953367,1.236436265,1.759120365,0.24421631,0.000105929,7.39E-05,2.44E-06,0.014914366,1.53E-05,0,0,1,1,1,1,3.380949079,19.07621765,0.549348189,0
0.159110933,0.024125493,1.57253366,3.794410079,0.30943349,-8.96E-05,0.000229261,-3.92E-05,0.019152597,1.53E-05,0,0,1,1,1,1,4.253912386,18.20050049,0.554260157,0
0.248001099,0.034616037,0.008807826,-0.82108327,0.481211901,0.000187058,5.03E-05,1.30E-05,0.029456327,1.53E-05,0,0,1,1,1,1,4.44994358,18.04325867,0.55792233,0
0.144338929,0.034404747,1.388918292,2.301189339,0.299868691,-0.000342557,-8.12E-05,-4.81E-05,0.023108662,1.53E-05,0,0,1,1,1,1,3.493358973,20.2940979,0.540196791,0
0.103408634,0.01818949,1.599294148,3.837817182,0.200505975,7.36E-05,0.000186565,-1.49E-05,0.012455594,1.53E-05,0,0,1,1,1,1,3.575569452,17.86662292,0.535978397,0
0.139081349,0.021691244,1.213773629,2.004931986,0.269881004,-0.000446136,-5.30E-05,2.12E-05,0.016298503,1.53E-05,0,0,1,1,1,1,3.953529177,19.87936401,0.558456866,0
0.172230739,0.025991381,1.423084472,3.078688604,0.334719152,2.59E-05,-2.97E-05,1.16E-05,0.0207729,1.53E-05,0,0,1,1,1,1,4.626310593,18.20320129,0.555798542,0
0.183118813,0.024525488,0.153957381,-1.415296761,0.355121505,1.90E-05,-6.35E-05,-1.79E-05,0.021707937,1.53E-05,0,0,1,1,1,1,4.313286229,17.42601013,0.547894632,0
0.287514122,0.047051338,0.22650615,-0.602677922,0.55811772,-8.88E-05,0.000120127,1.16E-06,0.033852701,1.53E-05,0,0,1,1,1,1,5.203749462,17.02624512,0.556386321,0
0.183118813,0.024525488,0.153957381,-1.415296761,0.355121505,1.90E-05,-6.35E-05,-1.79E-05,0.021707937,1.53E-05,0,0,1,1,1,1,4.313286229,17.42601013,0.547894632,0
0.071565995,0.021312101,2.789948109,9.685505128,0.138772494,0.000151526,-0.000119518,-3.43E-05,0.008387514,1.53E-05,0,0,1,1,1,1,1.948359113,21.54489136,0.514821155,0
0.155226285,0.04187054,0.775170615,-0.930082161,0.301000363,-9.43E-05,-4.57E-05,2.10E-05,0.018399314,1.53E-05,0,0,1,1,1,1,2.592149504,20.69670105,0.532756168,0
0.120085353,0.034975308,1.593256064,2.17144617,0.234521015,0.000280427,0.000146377,-9.63E-06,0.014752837,1.53E-05,0,0,1,1,1,1,2.792410647,20.71839905,0.533142489,0
0.209344243,0.07154772,1.190988024,0.232677927,0.405904861,0.000105349,0.000245968,-1.97E-05,0.02457503,1.53E-05,3.08E-05,3.08E-05,0.999984601,0.999938405,0.999969202,-1.54E-05,4.342927869,18.26448059,0.540355018,0
0.345618813,0.068507527,0.190793093,-0.846175544,0.676112549,0.000886878,-6.01E-05,1.94E-05,0.042559493,1.53E-05,0,0,1,1,1,1,5.282295923,16.42504883,0.556991403,0
0.218366795,0.040939601,0.286672939,-1.189540057,0.423863195,7.81E-05,-1.28E-05,1.51E-06,0.025666798,1.53E-05,0,0,1,1,1,1,4.038196709,18.48394775,0.553264399,0
0.166781676,0.043792342,1.003887234,0.267426611,0.323384833,-0.000141084,0.000238586,2.78E-06,0.019555865,1.53E-05,0,0,1,1,1,1,3.427228623,19.97996521,0.548389632,0
0.120976287,0.034555405,2.013037695,3.893786632,0.235050165,1.83E-05,7.97E-05,1.53E-05,0.014457448,1.53E-05,3.08E-05,3.08E-05,0.999984601,0.999938405,0.999969202,-1.54E-05,3.765570164,18.61868286,0.527436593,0
0.210309735,0.05264848,1.500947106,1.963876756,0.410173498,0.000196543,0.000360613,-3.71E-06,0.025536099,1.53E-05,0.00134484,0.00134484,0.99932758,0.997210503,0.998604277,0.070249079,3.521340562,19.16011047,0.548865745,0
0.336638746,0.090280664,0.22176175,-1.306257021,0.693270861,5.24E-06,0.002580041,4.79E-05,0.051867563,1.53E-05,0.000200173,0.000200173,0.999899913,0.999599713,0.999799837,-0.000100097,4.839326436,17.65817261,0.551430692,0
0.188517253,0.049351255,1.432884949,1.625327782,0.366519941,0.000121244,-1.59E-05,-3.26E-05,0.022454266,1.53E-05,0,0,1,1,1,1,3.893508609,17.93199158,0.53440344,0
0.294892614,0.069854777,0.178299812,-1.493630441,0.571802196,3.52E-05,2.88E-05,-1.38E-05,0.034987372,1.53E-05,0,0,1,1,1,1,4.472928017,18.85667419,0.557259561,0
0.386175358,0.046842853,0.397098718,-0.291640871,0.756436563,-8.45E-05,-9.41E-05,2.25E-05,0.04724193,1.53E-05,0.000215588,0.000215588,0.999892206,0.999568894,0.999784424,-0.000107805,5.724957011,17.24163818,0.560612138,0
0.280767822,0.06258506,0.20166338,-1.402725303,0.544973104,3.18E-06,4.91E-05,-1.87E-05,0.033557645,1.53E-05,0,0,1,1,1,1,4.819641905,16.81109619,0.550855678,0
0.256677067,0.091850779,0.651593243,-1.160282564,0.498256572,3.03E-05,-0.000216992,1.98E-05,0.030625043,1.53E-05,9.24E-05,9.24E-05,0.999953803,0.999815223,0.999907607,-4.62E-05,3.960398578,18.98457336,0.543459149,0
0.278159946,0.035907108,0.169161662,-0.882979575,0.546515328,-7.87E-05,-7.77E-05,-4.29E-06,0.035040085,1.53E-05,0,0,1,1,1,1,5.525447377,17.19865417,0.561368436,0
0.218366795,0.040939601,0.286672939,-1.189540057,0.423863195,7.81E-05,-1.28E-05,1.51E-06,0.025666798,1.53E-05,0,0,1,1,1,1,4.038196709,18.48394775,0.553264399,0
0.28501934,0.044793284,0.610097934,-0.172924223,0.560433693,-0.001059998,0.000513241,-1.04E-06,0.035484556,1.53E-05,0,0,1,1,1,1,5.149089793,16.323349,0.55715188,0
0.218050788,0.041401655,1.065298563,1.173606904,0.423858191,-0.000924005,-0.000147697,3.27E-05,0.025847971,1.53E-05,0.000123193,0.000123193,0.999938404,0.999753637,0.999876811,-6.16E-05,4.188061433,18.16699219,0.553082472,0
0.119737214,0.035403442,1.608781955,2.241411487,0.233748361,0.000241327,0.000123666,-1.16E-05,0.014636819,1.53E-05,0,0,1,1,1,1,2.687760252,20.81240845,0.53304733,0
0.470677095,0.037867435,-0.318503705,-0.028330898,0.928727753,-0.000113992,1.78E-05,-1.04E-05,0.059449618,1.53E-05,0.000123193,0.000123193,0.999938404,0.999753637,0.999876811,-6.16E-05,5.864779931,17.30332947,0.560455412,0
0.295105938,0.047790746,0.503192386,0.241941873,0.577644836,0.001129365,0.000272073,3.39E-05,0.036005088,1.53E-05,0,0,1,1,1,1,5.181147776,17.15856934,0.554522833,0
0.136763868,0.038905104,1.238827807,0.601981658,0.28110867,6.91E-05,-0.000300934,3.48E-06,0.021220371,1.53E-05,0,0,1,1,1,1,2.938423412,20.70101929,0.517252394,0
0.200753186,0.038674517,0.690812897,-0.053482261,0.413654434,-0.000387284,-0.00127435,-1.10E-05,0.030470127,1.53E-05,0,0,1,1,1,1,4.095127641,18.26257324,0.539221348,0
0.211905805,0.027194101,0.863755531,1.009108249,0.414460813,-0.000194933,9.74E-05,-1.23E-05,0.02562765,1.53E-05,0,0,1,1,1,1,5.050131224,16.25975037,0.55746185,0
0.137760656,0.032800799,1.370042388,1.528538326,0.267355073,-8.18E-05,5.23E-05,1.89E-05,0.016116305,1.53E-05,0.000171984,0.000171984,0.999914008,0.999643274,0.999821621,0.069358445,3.274010243,19.64881897,0.544298145,0
0.149199482,0.027506099,1.16697142,1.300345495,0.289809621,5.19E-05,4.68E-06,-2.54E-05,0.017475073,1.53E-05,0,0,1,1,1,1,3.703216584,18.24813843,0.544369197,0
0.142119583,0.052777547,1.486217923,1.171375431,0.275560622,-2.42E-05,-3.70E-05,1.57E-05,0.016725018,1.53E-05,9.24E-05,9.24E-05,0.999953803,0.999815223,0.999907607,-4.62E-05,2.830616641,20.94795227,0.530142473,0
0.144229246,0.02189387,0.540705112,-1.09974715,0.289136091,0.000114427,-2.69E-05,-1.39E-06,0.020788105,1.53E-05,0,0,1,1,1,1,3.79139111,18.95043945,0.542407445,0
0.137481989,0.067037281,1.674470296,1.459217523,0.266577735,0.000175078,0.000772798,6.88E-05,0.016292647,1.53E-05,0.000382536,0.000382536,0.999808732,0.99918653,0.999593182,0.112903929,2.094432938,21.81243896,0.504728579,0
0.154742611,0.042484696,0.796721955,-0.862712147,0.30003923,-2.62E-05,-0.000176833,9.05E-06,0.018299832,1.53E-05,0,0,1,1,1,1,2.492038731,21.01657104,0.532561181,0
0.193092795,0.027610421,0.470767523,-1.422145813,0.376603606,-8.69E-05,-4.36E-05,3.60E-05,0.02328867,1.53E-05,0,0,1,1,1,1,4.294540053,18.06007385,0.539371078,0
0.211630548,0.012826898,1.177816823,2.633182286,0.420915434,1.58E-05,-0.000247244,-2.36E-05,0.028870005,1.53E-05,0,0,1,1,1,1,4.181535338,17.89987183,0.55842409,0
0.113739373,0.019418985,1.231028526,1.257418584,0.220540753,9.53E-05,-0.000147682,-8.24E-06,0.013208056,1.53E-05,0,0,1,1,1,1,3.603398311,18.63253784,0.547196509,0
0.265332151,0.06250951,0.429423894,-0.639135883,0.514496374,0.00025641,8.30E-06,-2.09E-05,0.031334906,1.53E-05,0.000300273,0.000300273,0.999849864,0.999391883,0.999695895,0.02484984,4.438941399,18.99662781,0.55554231,0
0.199795891,0.035147726,1.32842647,2.324967511,0.388789781,6.40E-05,-2.86E-05,-7.77E-06,0.023773987,1.53E-05,0.000328558,0.000328558,0.999835721,0.999332827,0.999666358,0.030138723,4.068335691,18.23191833,0.549786659,0
0.219626094,0.043244435,1.484015842,2.426159811,0.429726766,-8.81E-05,-0.000108945,8.93E-06,0.02695824,1.53E-05,0.001455419,0.001455419,0.999272291,0.99700798,0.998502868,0.05427173,3.335613972,18.84840393,0.545705929,0
0.164750701,0.052811404,1.298694029,1.061145317,0.319606132,5.28E-05,-0.000120548,1.75E-05,0.01983003,1.53E-05,0.000608265,0.000608265,0.999695867,0.99877633,0.999387978,0.012195774,3.130625981,20.23138428,0.53907553,0
0.159530759,0.033510701,1.457394128,2.995900623,0.309691742,-0.000104769,-2.63E-06,-1.28E-06,0.018801854,1.53E-05,0,0,1,1,1,1,3.675252749,19.75390625,0.556081027,0
0.297135177,0.073005885,0.509057318,-0.780213037,0.576847735,-3.22E-05,0.000159647,-5.34E-06,0.035512697,1.53E-05,5.90E-05,5.90E-05,0.999970478,0.999879366,0.999939681,0.041637144,4.897670105,16.64880371,0.538828097,1
0.429300645,0.062441971,0.259028353,-0.699425028,0.890492549,-8.23E-05,6.85E-05,7.08E-06,0.064991602,1.53E-05,3.72E-05,3.72E-05,0.999981415,0.999925661,0.99996283,0.083314748,5.143816104,17.64866638,0.554662498,1
0.203822955,0.029750221,0.680474322,0.581099066,0.395687145,-5.35E-05,-7.53E-05,4.29E-06,0.024236564,1.53E-05,0,0,1,1,1,1,4.395444195,17.58125305,0.555653956,1
0.201059977,0.048003956,1.430771177,2.511318215,0.421153881,0.000142592,-0.000118401,1.08E-05,0.035792052,1.53E-05,0.000775143,0.000775143,0.999612429,0.998425026,0.999212202,0.031663555,3.889636031,18.94532776,0.55601387,1
0.293860282,0.042760454,0.478184305,-0.010418274,0.574298425,-0.000258238,7.98E-07,-1.29E-05,0.035453863,1.53E-05,0.00075484,0.00075484,0.99962258,0.998322221,0.999160757,0.182955739,5.047863533,17.24162292,0.556571973,1
0.424501367,0.065932624,0.415674688,-0.375263155,0.830759971,0.000306735,0.000177022,-3.05E-05,0.051698075,1.53E-05,0.003627926,0.003627926,0.998186037,0.991592516,0.99578735,0.243373975,5.143111915,16.87156677,0.56648262,1
0.370809338,0.069447373,0.661341726,-0.339587011,0.727123271,-0.000308737,-3.86E-05,2.87E-05,0.04624094,1.53E-05,0,0,1,1,1,1,5.317856776,17.49645996,0.551199318,1
0.340826476,0.115836878,0.385977,-1.341552981,0.660867313,0.000184128,0.000137066,-3.72E-05,0.040514986,1.53E-05,0.002181851,0.002181851,0.998909075,0.995484997,0.997739943,0.066890252,4.194015466,18.61784363,0.554850374,1
0.334636314,0.05840344,0.06499705,-0.918497414,0.649942308,-0.000135065,0.000224867,-1.91E-05,0.039738811,1.53E-05,6.16E-05,6.16E-05,0.999969202,0.999876813,0.999938404,-3.08E-05,4.776374151,16.83251953,0.557545283,1
0.182498169,0.049455605,1.077215967,0.258180102,0.353880627,-5.51E-05,8.34E-05,-1.64E-05,0.021707664,1.53E-05,0,0,1,1,1,1,3.553928926,19.36358643,0.541666875,1
0.222948441,0.070075346,1.070423491,0.34106553,0.432302761,-4.16E-05,-0.000555749,9.21E-05,0.026506988,1.53E-05,0.001863889,0.001863889,0.999068056,0.99534091,0.99766773,0.334231583,3.751861767,19.5176239,0.552544292,1
0.433944044,0.079400794,0.275529803,-0.585320476,0.901801338,0.005323515,-0.003313464,9.75E-06,0.066347601,1.53E-05,0.005160885,0.005160885,0.997419557,0.987234674,0.993596784,0.312534222,5.734985726,16.64407349,0.586937189,1
0.317720959,0.062713401,0.768632119,0.491105192,0.616263285,1.28E-05,2.93E-05,1.89E-05,0.037454916,1.53E-05,0.002682282,0.002682282,0.998658859,0.994495506,0.997243953,0.052098985,4.849450224,17.7288208,0.938206412,1
0.51567311,0.092119595,-0.445345908,-0.867253891,1.026982696,-1.73E-05,-0.004272044,2.22E-05,0.065733886,1.53E-05,0.007987247,0.007987247,0.996006377,0.975817051,0.987834491,0.493156481,5.459621496,16.85595703,0.561513493,1
0.365912942,0.071243996,0.512803786,-0.917354528,0.726582987,0.000144332,-0.000768129,-2.80E-05,0.047091268,1.53E-05,0,0,1,1,1,1,5.316007048,16.47514343,0.557309598,1
0.366138533,0.051268274,0.729089854,-0.572048607,0.71897786,0.000530978,0.000172555,-1.23E-05,0.045635498,1.53E-05,0,0,1,1,1,1,5.017936224,16.00437927,0.553648104,1
0.187135824,0.059448039,1.112909657,0.491328151,0.363083652,3.02E-06,-2.55E-05,1.86E-05,0.021919466,1.53E-05,0.000148865,0.000148865,0.999925568,0.999697178,0.999848578,0.033258895,2.870981706,20.20280457,0.540362255,1
0.286480833,0.084756805,0.838037978,-0.151728946,0.556034359,-0.000121853,1.20E-05,2.61E-05,0.033892317,1.53E-05,0.007173328,0.007173328,0.996413336,0.958327351,0.978941611,0.792539979,4.849958379,17.20928955,0.552905925,1
0.281640266,0.069752021,0.431874671,-0.878423884,0.546321615,-8.38E-05,-0.000156399,-4.13E-05,0.033311513,1.53E-05,0.000272078,0.000272078,0.999863961,0.999450851,0.999725388,0.018382461,4.396096776,18.44975281,0.550649009,1
0.297775747,0.082994216,0.432806137,-1.005422791,0.577626958,-8.94E-05,5.06E-05,-2.53E-05,0.035002905,1.53E-05,0.000628881,0.000628881,0.999685559,0.998694185,0.999346879,0.07165515,4.425915805,18.235672,0.554699265,1
0.368025656,0.069152227,0.365225406,-0.360939436,0.71636713,0.000552805,0.000369866,0.000148741,0.044299381,1.53E-05,0.000721175,0.000721175,0.999639412,0.998545604,0.999272537,0.017000391,5.308740344,17.51405334,0.555464589,1
0.279095998,0.032502986,0.839439935,0.953296648,0.550685946,0.002987049,0.001117691,8.24E-06,0.036461173,1.53E-05,0,0,1,1,1,1,5.144210505,15.19447327,0.541077987,1
0.415860404,0.090771497,0.145040483,-0.773749794,0.80660619,-0.000274626,2.45E-05,-1.62E-06,0.04879412,1.53E-05,0.004671614,0.004671614,0.997664193,0.990434678,0.995205841,0.049741756,4.729186567,18.02661133,0.55509485,1
0.424972774,0.076011351,0.101210815,-0.97958149,0.838570232,-2.34E-05,3.90E-05,1.51E-05,0.054459431,1.53E-05,0.000204033,0.000204033,0.999897983,0.999591996,0.999795977,-0.000102027,5.080002839,17.24711609,0.553765785,1
0.378640149,0.072794715,0.469445947,-0.930748981,0.753797963,-0.000123753,-0.003063189,-1.07E-05,0.04896526,1.53E-05,0,0,1,1,1,1,5.363850434,16.34757996,0.553700431,1
0.563970289,0.058472919,-0.388078059,-0.674650066,1.123644428,-0.00049826,-4.39E-05,-2.68E-05,0.073163729,1.53E-05,0,0,1,1,1,1,6.13028278,16.01821899,0.563202021,1
0.417647298,0.062361035,-0.148216734,-0.638965955,0.84596966,9.08E-05,-0.001670437,-8.12E-07,0.05763354,1.53E-05,0.002210085,0.002210085,0.998894957,0.995114524,0.997554246,0.168147187,5.778650894,17.0682373,0.933452755,1
0.36152266,0.064139009,0.565234279,-0.179852045,0.707902958,0.000905412,1.38E-05,-2.32E-05,0.04444291,1.53E-05,0.002931231,0.002931231,0.998534385,0.994002299,0.996996637,0.046865457,5.453966497,16.51329041,0.578959419,1
0.340085856,0.117898398,0.40541253,-1.323383889,0.659417,0.000225432,-5.64E-05,-1.75E-05,0.040415724,1.53E-05,0.004050402,0.004050402,0.997974799,0.991663581,0.995823062,0.058684709,4.049752663,18.96855164,0.554932936,1
0.333506087,0.060324105,0.410432872,0.057715391,0.65393452,-3.23E-05,-0.000558809,-7.54E-06,0.040564248,1.53E-05,0.00208433,0.00208433,0.998957835,0.995630781,0.997812997,0.089547874,4.769048357,17.38453674,0.555663248,1
0.296694348,0.075436123,0.857448126,-0.020268741,0.576587001,-0.000370069,-2.09E-05,-3.25E-06,0.035913437,1.53E-05,0.001837954,0.001837954,0.999081023,0.996104097,0.998050144,0.10853281,4.806356296,18.16311646,0.557581762,1
0.259923,0.054956853,0.604344949,-0.235080924,0.50630155,0.000551543,-0.000102448,4.40E-05,0.031651481,1.53E-05,0.001098614,0.001098614,0.999450693,0.99757916,0.998788844,0.169992964,5.089909351,17.88208008,0.550896165,1
0.26731352,0.037525434,0.414602131,0.27735625,0.519791391,-5.17E-05,0.000128901,1.24E-05,0.032121065,1.53E-05,0.000153991,0.000153991,0.999923004,0.999692053,0.999846015,-7.70E-05,4.273809734,17.32502747,0.557781028,1
0.323175348,0.058330234,0.397011058,-0.560436595,0.628316477,-0.00032904,6.29E-05,1.16E-07,0.038299411,1.53E-05,6.16E-05,6.16E-05,0.999969202,0.999876813,0.999938404,-3.08E-05,5.349972659,15.47843933,0.55539672,1
0.326967845,0.061846088,0.29313636,-0.633370859,0.636364921,-6.08E-05,-2.59E-05,7.77E-06,0.039059269,1.53E-05,0.000675109,0.000675109,0.999662445,0.998617241,0.999308381,0.046763775,5.112455356,16.34806824,0.558275459,1
0.3600562,0.078497946,0.434715866,-1.196539151,0.702973199,-0.000232045,8.16E-05,1.97E-05,0.043766378,1.53E-05,6.16E-05,6.16E-05,0.999969202,0.999876813,0.999938404,-3.08E-05,5.048966384,17.60568237,0.552598468,1
0.166444247,0.023796193,1.011992832,1.22864029,0.323402642,-1.06E-05,-6.49E-05,-1.16E-06,0.019737747,1.53E-05,0,0,1,1,1,1,4.743472137,17.44979858,0.543484373,1
0.270172299,0.050640472,0.475750279,-0.640830669,0.525471484,4.35E-06,4.87E-06,-3.97E-05,0.032833368,1.53E-05,0,0,1,1,1,1,5.138904648,17.29077148,0.55370635,1
0.222948441,0.070075346,1.070423491,0.34106553,0.432302761,-4.16E-05,-0.000555749,9.21E-05,0.026506988,1.53E-05,0.001863889,0.001863889,0.999068056,0.99534091,0.99766773,0.334231583,3.751861767,19.5176239,0.552544292,1
0.264735263,0.050599425,0.597520699,-0.35975036,0.514150989,-3.43E-05,-9.86E-05,1.09E-05,0.031496118,1.53E-05,0,0,1,1,1,1,4.692396494,17.32170105,0.55775226,1
0.262219657,0.041643234,0.299797988,-0.233253184,0.508504264,7.08E-05,6.48E-05,-9.40E-06,0.030702382,1.53E-05,0,0,1,1,1,1,3.936418769,18.15620422,0.558071919,1
0.216959755,0.037223094,0.840301207,0.500241602,0.421261269,-1.56E-05,-2.55E-05,-4.41E-06,0.025854985,1.53E-05,0,0,1,1,1,1,4.538623355,17.10154724,0.55771884,1
0.396825633,0.094704349,-0.046339943,-1.217823839,0.76945246,-8.52E-05,4.67E-06,-1.42E-05,0.046921816,1.53E-05,0.000274631,0.000274631,0.999862684,0.999448299,0.999724111,0.009121925,4.605814192,18.30754089,0.558702572,1
0.497181313,0.102203108,0.528176158,-1.089128216,0.989020944,0.00656052,0.005356712,3.23E-05,0.06559577,1.53E-05,0.030379065,0.030379065,0.984810468,0.831244779,0.911719537,0.782123787,5.037645856,17.35694885,0.817775103,1
0.284990378,0.074311647,0.205605204,-1.545976255,0.552798572,-2.80E-05,-0.000193816,-7.08E-06,0.033935615,1.53E-05,0,0,1,1,1,1,3.96460481,18.61091614,0.553971447,1
0.415860404,0.090771497,0.145040483,-0.773749794,0.80660619,-0.000274626,2.45E-05,-1.62E-06,0.04879412,1.53E-05,0.004671614,0.004671614,0.997664193,0.990434678,0.995205841,0.049741756,4.729186567,18.02661133,0.55509485,1
0.424972774,0.076011351,0.101210815,-0.97958149,0.838570232,-2.34E-05,3.90E-05,1.51E-05,0.054459431,1.53E-05,0.000204033,0.000204033,0.999897983,0.999591996,0.999795977,-0.000102027,5.080002839,17.24711609,0.553765785,1
0.220296104,0.045553305,1.285275421,2.171886872,0.428591074,9.07E-05,0.00011276,-1.24E-05,0.026416351,1.53E-05,0.000305409,0.000305409,0.999847295,0.999386749,0.999693328,0.008180605,4.563844193,18.94029236,0.559961845,1
0.256741692,0.056644264,0.467589982,-0.612359772,0.516188869,-0.000279107,0.003523944,1.64E-05,0.035932305,1.53E-05,0,0,1,1,1,1,4.294363971,17.93841553,0.552192919,1
0.401166968,0.052785364,1.392312923,1.028478512,0.795935587,0.000104682,0.000220951,8.08E-05,0.051136045,1.53E-05,0.004812603,0.004812603,0.997593698,0.990116293,0.995045868,0.055357894,5.335421736,17.19685364,0.555503817,1
0.36152266,0.064139009,0.565234279,-0.179852045,0.707902958,0.000905412,1.38E-05,-2.32E-05,0.04444291,1.53E-05,0.002931231,0.002931231,0.998534385,0.994002299,0.996996637,0.046865457,5.453966497,16.51329041,0.578959419,1
0.228544168,0.02530315,0.312175913,0.19867637,0.452141084,-4.75E-05,1.89E-06,1.26E-05,0.031294282,1.53E-05,0,0,1,1,1,1,4.252858736,17.84910583,0.557396893,1
0.33615603,0.052027079,0.383576051,-0.014616738,0.669128484,0.000346995,-0.000156471,-2.44E-06,0.046090414,1.53E-05,0.000962576,0.000962576,0.999518712,0.998022531,0.999010775,0.05254877,5.083581523,17.93103027,0.553568502,1
0.297523169,0.02747666,1.102247751,1.785209039,0.589478269,-7.79E-06,0.000308751,3.94E-06,0.03685538,1.53E-05,0,0,1,1,1,1,4.99811586,16.14189148,0.620560427,1
0.395783069,0.046917134,0.941508648,0.530949068,0.778372515,0.000181082,5.26E-05,2.41E-05,0.049337016,1.53E-05,0.003190634,0.003190634,0.998404683,0.993437513,0.996713351,0.056735309,5.238094733,17.87541199,0.558272187,1
0.302995988,0.049467013,-0.099847931,-0.896629122,0.58753427,-0.000247926,3.43E-05,-1.38E-05,0.035738409,1.53E-05,0.000831734,0.000831734,0.999584133,0.998214676,0.999106938,0.128616193,4.271280703,18.99186707,0.5563397,1
0.236290128,0.031764694,0.811510258,0.723278605,0.46061642,0.000309143,4.14E-05,3.89E-05,0.028477172,1.53E-05,9.24E-05,9.24E-05,0.999953803,0.999815223,0.999907607,-4.62E-05,4.741633438,17.35806274,0.556462034,1
0.178363755,0.050328869,1.73895847,3.416689756,0.346148504,-0.000577213,0.00017241,0.000101984,0.020821796,1.53E-05,0.004348767,0.004348767,0.997825617,0.990754707,0.9953666,0.115528578,3.864946887,18.489151,0.557263788,1
0.20741637,0.030558834,0.300124803,-1.138534873,0.40507815,-0.000195281,0.000174759,-1.65E-05,0.025538354,1.53E-05,0,0,1,1,1,1,4.385938061,17.92330933,0.544705409,1
0.270439716,0.036659444,0.836069253,1.451779159,0.553162753,-0.000335857,-0.003189654,3.57E-05,0.039768567,1.53E-05,0,0,1,1,1,1,5.394082811,18.49658203,0.566817595,1
0.234807871,0.037216164,0.344646117,-0.8112094,0.457333333,0.000239587,-6.25E-05,-5.45E-06,0.028698032,1.53E-05,0,0,1,1,1,1,4.410948451,19.01208496,0.556540003,1
0.148161286,0.025393452,1.099912668,0.859384608,0.287341094,-0.00011405,-0.000140054,-1.06E-05,0.017614374,1.53E-05,0,0,1,1,1,1,4.037496567,18.60920715,0.55288414,1
0.229008394,0.03793408,0.71032518,0.264637976,0.444691766,-0.000201401,0.000359264,1.66E-05,0.027172324,1.53E-05,0,0,1,1,1,1,4.574994018,17.66249084,0.559751905,1
0.250185679,0.059526408,0.528090496,-0.833881558,0.486994648,-0.000364311,-2.37E-05,4.69E-05,0.029690573,1.53E-05,0,0,1,1,1,1,4.116090479,18.97546387,0.551046342,1
0.267434393,0.056004902,0.57091762,-0.129552861,0.51855775,2.06E-05,0.000140721,1.79E-05,0.031617461,1.53E-05,0.00012064,0.00012064,0.99993968,0.999756189,0.999878087,0.02077301,4.607791113,18.31878662,0.55058525,1
0.365130376,0.098612771,0.136890773,-1.370525973,0.708008774,0.000136428,-0.000241095,-7.19E-06,0.043221233,1.53E-05,0.001214189,0.001214189,0.999392905,0.997463845,0.998731117,0.082725836,4.658888311,18.45742798,0.55093067,1
0.297238279,0.074102975,0.706931424,-0.668477668,0.578357238,0.000122636,-3.01E-05,4.18E-06,0.036246092,1.53E-05,0.000143769,0.000143769,0.999928116,0.999702273,0.999851125,0.066594777,5.182450515,16.38804626,0.557625186,1
0.174581251,0.023653878,0.571456929,-0.161986029,0.338926066,-2.57E-06,4.29E-05,2.40E-05,0.020833544,1.53E-05,0,0,1,1,1,1,4.4576419,17.5675354,0.554610802,1
0.159028955,0.029038145,0.903181165,0.625546029,0.308375653,-1.49E-05,-9.39E-05,-1.53E-05,0.018935879,1.53E-05,0,0,1,1,1,1,3.561983321,19.28063965,0.550412335,1
0.214453005,0.022193599,0.399391352,0.415014879,0.417503542,0.000202619,4.40E-05,-1.44E-05,0.025958684,1.53E-05,0,0,1,1,1,1,5.092567645,16.87091064,0.561364109,1
0.266362747,0.046636176,0.701531461,0.406899264,0.517260587,-9.28E-07,9.26E-05,-9.28E-06,0.031839878,1.53E-05,3.08E-05,3.08E-05,0.999984601,0.999938405,0.999969202,-1.54E-05,4.604765946,17.19578552,0.555286003,1
0.225708307,0.071296757,1.357507225,0.895491628,0.437961248,5.43E-05,0.000115718,1.35E-05,0.026732743,1.53E-05,0.006961521,0.006961521,0.996519239,0.975021997,0.987431827,0.614871207,4.478633494,17.81254578,0.498626376,1
0.179639869,0.048276562,1.492397624,1.648001095,0.348320585,-1.24E-05,-3.38E-06,-3.42E-05,0.021658769,1.53E-05,0.000392688,0.000392688,0.999803656,0.99920717,0.999603506,0.019034386,4.120662095,18.51104736,0.52919926,1
0.17549235,0.032174291,0.808917094,-0.148764331,0.341716326,-0.000148248,0.000139633,-1.76E-05,0.020759525,1.53E-05,0,0,1,1,1,1,4.130457532,18.57528687,0.549723272,1
0.247695444,0.047369618,1.077626179,1.398329472,0.480896276,8.92E-05,0.000260776,-1.11E-05,0.029636674,1.53E-05,0,0,1,1,1,1,4.971980999,17.33242798,0.556152624,1
0.241058529,0.061881473,0.675004233,-0.537181844,0.467422729,1.88E-05,-9.90E-05,-4.21E-05,0.02825006,1.53E-05,0.001722309,0.001722309,0.999138845,0.996342261,0.998169453,0.111571871,4.369128575,20.02124023,0.54420693,1
0.257187428,0.056046594,0.569979239,-0.353076689,0.499043117,-0.000136675,0.000102927,-2.03E-05,0.030595563,1.53E-05,3.08E-05,3.08E-05,0.999984601,0.999938405,0.999969202,-1.54E-05,4.482696762,17.50949097,0.555557466,1
0.258849858,0.054625006,0.62996845,0.060745635,0.501896203,-0.000133194,-5.87E-05,1.44E-05,0.030051131,1.53E-05,0.000184789,0.000184789,0.999907605,0.999630472,0.999815219,-9.24E-05,3.976560481,19.37600708,0.558687591,1
0.313992669,0.041960071,0.760736733,0.896621874,0.614437578,0.000220516,-1.84E-05,1.76E-05,0.038708343,1.53E-05,0.000700751,0.000700751,0.999649624,0.998530084,0.999264771,0.08964949,5.088833181,16.96575928,0.558080737,1
0.207764031,0.035858984,0.590778438,-0.498715452,0.403403315,6.58E-05,0.000125943,3.84E-05,0.02484621,1.53E-05,0,0,1,1,1,1,4.855185692,17.19761658,0.5479573,1
0.158163811,0.031340114,1.642806016,3.209392641,0.307335509,8.22E-05,0.000244518,-1.40E-05,0.018896218,1.53E-05,0,0,1,1,1,1,4.582912773,18.33097839,0.556808653,1
0.216618796,0.047502601,1.307147672,1.78486691,0.42025564,1.09E-05,-6.58E-05,-8.12E-06,0.025834439,1.53E-05,0,0,1,1,1,1,4.580947696,16.71218872,0.547724806,1
0.287865672,0.029107956,0.560804762,1.110684118,0.561259296,-0.000346516,0.000220588,-1.10E-05,0.034706994,1.53E-05,0,0,1,1,1,1,4.581016542,16.51850891,0.648071506,1
0.213653325,0.033445599,0.687470408,0.541056497,0.41461682,-0.000137719,4.80E-06,2.22E-05,0.025102316,1.53E-05,3.08E-05,3.08E-05,0.999984601,0.999938405,0.999969202,-1.54E-05,4.06381349,18.38813782,0.555460614,1
0.241287351,0.04581275,0.22700503,-1.281096783,0.468741648,-6.04E-05,2.33E-05,-2.77E-05,0.028703059,1.53E-05,0,0,1,1,1,1,4.387205631,18.16184998,0.548887759,1
0.21200005,0.03019657,0.559436987,0.536451261,0.411100316,6.55E-05,1.57E-05,9.40E-06,0.024646271,1.53E-05,3.08E-05,3.08E-05,0.999984601,0.999938405,0.999969202,-1.54E-05,4.446919075,18.30076599,0.562003867,1
0.23303827,0.035916157,0.140562862,-1.088195987,0.452189969,0.000105436,2.52E-05,3.71E-06,0.02752557,1.53E-05,0,0,1,1,1,1,4.55882066,18.43914795,0.557199153,1
0.133250936,0.028498693,1.750171146,2.899656746,0.258752016,-6.16E-05,-0.000187522,6.85E-06,0.015601574,1.53E-05,0,0,1,1,1,1,4.024884952,17.97608948,0.522605329,1
0.199376125,0.03930781,0.877894382,0.367006459,0.386983915,-5.17E-05,4.58E-05,3.35E-05,0.023492196,1.53E-05,0,0,1,1,1,1,4.141736257,18.32702637,0.556280719,1
0.262450873,0.0476476,1.105515114,1.202020388,0.512708087,-5.64E-05,-8.08E-05,7.89E-06,0.032071455,1.53E-05,0,0,1,1,1,1,3.386739164,19.09486389,0.556440975,1
0.177031932,0.04728434,1.304896128,1.418377961,0.343256512,1.97E-05,7.66E-05,-3.97E-05,0.020907489,1.53E-05,0.000420993,0.000420993,0.999789503,0.999117319,0.999558562,0.088678344,3.62804635,19.6789856,0.537155732,1
0.146949978,0.050701128,1.548780303,1.880421695,0.285165913,-0.000320339,0.000347488,-1.84E-05,0.017873242,1.53E-05,0.000184789,0.000184789,0.999907605,0.999630472,0.999815219,-9.24E-05,2.455971805,20.79399109,0.526517671,1
0.228738942,0.035158016,0.217366012,-0.719405554,0.443684476,-0.000653759,0.000396595,-1.54E-05,0.026762571,1.53E-05,0,0,1,1,1,1,4.537396905,18.02798462,0.557481499,1
0.224735454,0.034312983,0.768695785,0.954147393,0.4361403,0.000104145,2.47E-05,-3.48E-07,0.026379275,1.53E-05,6.16E-05,6.16E-05,0.999969202,0.999876813,0.999938404,-3.08E-05,4.312626344,19.11065674,0.550581234,1
0.183023071,0.025471251,1.187419297,2.727461041,0.354915579,5.66E-05,1.49E-06,-1.24E-05,0.02170968,1.53E-05,0,0,1,1,1,1,3.813148309,19.51541138,0.553800662,1
0.194748404,0.037179744,1.396625639,2.461689401,0.377616762,0.000119155,-8.32E-05,9.17E-06,0.0230431,1.53E-05,3.08E-05,3.08E-05,0.999984601,0.999938405,0.999969202,-1.54E-05,4.14298571,18.05847168,0.547656539,1
0.182498169,0.049455605,1.077215967,0.258180102,0.353880627,-5.51E-05,8.34E-05,-1.64E-05,0.021707664,1.53E-05,0,0,1,1,1,1,3.553928926,19.36358643,0.541666875,1
0.36152266,0.064139009,0.565234279,-0.179852045,0.707902958,0.000905412,1.38E-05,-2.32E-05,0.04444291,1.53E-05,0.002931231,0.002931231,0.998534385,0.994002299,0.996996637,0.046865457,5.453966497,16.51329041,0.578959419,1
0.196484555,0.03777307,1.177602793,1.071859726,0.401365234,-0.000130526,0.000663099,-2.71E-05,0.030229284,1.53E-05,0,0,1,1,1,1,3.866245216,18.68952942,0.526952669,1
0.357797241,0.092497102,0.40171306,-0.840705979,0.694548193,-4.21E-05,-8.21E-05,5.57E-06,0.042604442,1.53E-05,0.001651147,0.001651147,0.999174427,0.996259564,0.998128021,0.211183365,4.740848542,16.86117554,0.55470085,1
0.429300645,0.062441971,0.259028353,-0.699425028,0.890492549,-8.23E-05,6.85E-05,7.08E-06,0.064991602,1.53E-05,3.72E-05,3.72E-05,0.999981415,0.999925661,0.99996283,0.083314748,5.143816104,17.64866638,0.554662498,1
0.224735454,0.034312983,0.768695785,0.954147393,0.4361403,0.000104145,2.47E-05,-3.48E-07,0.026379275,1.53E-05,6.16E-05,6.16E-05,0.999969202,0.999876813,0.999938404,-3.08E-05,4.312626344,19.11065674,0.550581234,1
0.275726318,0.046911375,0.729625108,0.26805517,0.535321662,0.000125609,-4.47E-05,2.90E-05,0.032739524,1.53E-05,3.08E-05,3.08E-05,0.999984601,0.999938405,0.999969202,-1.54E-05,5.273049307,17.37866211,0.560331105,1
0.217929197,0.048104641,0.581902729,-0.608986327,0.438840558,-0.00014587,-0.000180183,-2.08E-05,0.03162175,1.53E-05,0,0,1,1,1,1,4.111870431,19.25917053,0.545274605,1
0.297232893,0.051196551,0.900611044,0.884670809,0.594303276,0.000415608,-0.002648959,2.97E-05,0.038069551,1.53E-05,0.00040678,0.00040678,0.99979661,0.999179003,0.999589417,0.018552503,5.171199378,16.73324585,0.555230176,1
0.295722513,0.071405978,0.840515617,0.38134854,0.573676224,0.000174194,3.39E-05,-3.54E-05,0.034759104,1.53E-05,0.006288693,0.006288693,0.996855653,0.986845357,0.993400891,0.089437312,4.87982079,17.89492798,0.554331444,1
0.212594545,0.048642251,1.05611781,0.672700862,0.421906268,-0.000867502,-5.12E-05,-8.70E-06,0.026792959,1.53E-05,0,0,1,1,1,1,4.225433255,17.48350525,0.559485553,1
0.19972618,0.032706637,1.09347252,0.93071058,0.388186071,9.47E-05,2.52E-05,2.85E-05,0.023991171,1.53E-05,0,0,1,1,1,1,4.609610509,18.28378296,0.558100798,1
0.241593903,0.029959417,0.473547191,0.017165938,0.471245983,-8.38E-05,0.000118967,1.97E-06,0.029215883,1.53E-05,0,0,1,1,1,1,4.598178101,17.42649841,0.558635333,1
0.26911298,0.05090818,1.222494572,0.928501055,0.527147679,-0.000455491,-0.000183519,9.40E-06,0.033328253,1.53E-05,0.000236224,0.000236224,0.999881888,0.999486687,0.999743311,0.14803002,4.725069438,16.44564819,0.540406104,1
0.431209071,0.04726133,0.148368354,-1.096131227,0.84565286,-0.000665593,-0.000147929,6.38E-06,0.053151489,1.53E-05,0,0,1,1,1,1,5.379753959,16.95262146,0.557637235,1
0.271236704,0.050120322,0.568146704,-0.367141649,0.526805111,4.72E-05,-9.14E-05,-1.66E-05,0.032301165,1.53E-05,0,0,1,1,1,1,4.778252112,17.17680359,0.557823692,1
0.156935748,0.023721172,1.080796901,1.31168294,0.304942496,-2.19E-05,2.40E-05,4.64E-07,0.018741867,1.53E-05,0,0,1,1,1,1,4.586990314,17.55154419,0.540880683,1
0.284916777,0.041435716,0.455518526,0.009093823,0.559067683,-0.001175803,0.000270057,-3.13E-06,0.03390079,1.53E-05,0,0,1,1,1,1,4.972576715,17.28846741,0.555360467,1
0.182418883,0.029708211,0.368355899,-0.73813823,0.353790742,0.000394999,6.28E-05,4.46E-05,0.021799428,1.53E-05,0,0,1,1,1,1,3.523446272,19.66081238,0.554351019,1
0.176093128,0.034875182,1.028947441,0.886430826,0.341761559,7.48E-05,3.07E-05,8.47E-06,0.02108581,1.53E-05,0,0,1,1,1,1,3.595462014,18.60992432,0.556997104,1
0.224735454,0.034312983,0.768695785,0.954147393,0.4361403,0.000104145,2.47E-05,-3.48E-07,0.026379275,1.53E-05,6.16E-05,6.16E-05,0.999969202,0.999876813,0.999938404,-3.08E-05,4.312626344,19.11065674,0.550581234,1
0.261690387,0.076470636,0.98758553,0.175695561,0.507440379,2.08E-05,0.000471589,5.45E-06,0.031308794,1.53E-05,0.001257753,0.001257753,0.999371124,0.997358876,0.998678564,0.09196328,4.205244414,19.00726318,0.556046051,1
0.294610656,0.066508499,0.762421561,-0.174628436,0.573263807,-9.61E-05,3.70E-05,2.11E-05,0.035560462,1.53E-05,0.000153991,0.000153991,0.999923004,0.999692053,0.999846015,-7.70E-05,4.64836143,17.8530426,0.555725587,1
0.335050216,0.06475276,0.923510777,0.043825414,0.654974315,-3.32E-05,-4.15E-05,1.49E-05,0.041243182,1.53E-05,0,0,1,1,1,1,4.652069447,16.67454529,0.54011782,1
0.357008452,0.051490459,0.766965072,-0.5180157,0.701263138,0.0005048,0.000179618,-4.87E-06,0.044960335,1.53E-05,0,0,1,1,1,1,4.955999457,16.03715515,0.552934797,1
0.186212158,0.029759098,0.367088393,-0.741441852,0.361372069,0.000402787,9.32E-05,4.93E-05,0.022326372,1.53E-05,0,0,1,1,1,1,3.599841042,19.29922485,0.55433594,1
0.259824147,0.053996908,0.575389499,-0.301438235,0.506044564,0.000351404,-7.28E-05,4.00E-05,0.031302059,1.53E-05,0.000800997,0.000800997,0.999599502,0.998214596,0.999106898,0.187099304,5.123301608,17.55593872,0.550843197,1
0.253929826,0.052144177,0.568638756,-0.606801802,0.493229999,2.37E-05,0.000156239,3.19E-05,0.030356327,1.53E-05,0,0,1,1,1,1,5.019256225,17.75671387,0.551345276,1
0.183023071,0.025471251,1.187419297,2.727461041,0.354915579,5.66E-05,1.49E-06,-1.24E-05,0.02170968,1.53E-05,0,0,1,1,1,1,3.813148309,19.51541138,0.553800662,1
0.367728439,0.091538021,0.365268132,-0.840838723,0.713804313,1.44E-05,-8.88E-05,-9.63E-06,0.043654816,1.53E-05,0.003208477,0.003208477,0.998395762,0.990784241,0.995381368,0.467353486,4.854944218,16.53259277,0.555422653,1
0.237320964,0.057227249,0.593776923,-0.69813384,0.460516374,-0.000100896,2.90E-06,-1.10E-05,0.028193096,1.53E-05,0,0,1,1,1,1,4.312878172,17.33670044,0.542683994,1
0.163717951,0.05546024,1.510778751,1.757015389,0.31743845,-8.10E-05,-8.96E-05,9.28E-07,0.019639078,1.53E-05,0.000551906,0.000551906,0.999724047,0.998863405,0.999431541,0.05674151,3.29846518,19.65919495,0.543546588,1
0.258849858,0.054625006,0.62996845,0.060745635,0.501896203,-0.000133194,-5.87E-05,1.44E-05,0.030051131,1.53E-05,0.000184789,0.000184789,0.999907605,0.999630472,0.999815219,-9.24E-05,3.976560481,19.37600708,0.558687591,1
0.255637614,0.044758211,0.606994229,0.38731466,0.495746041,4.20E-05,3.30E-05,2.32E-06,0.030307743,1.53E-05,0.000179653,0.000179653,0.999910174,0.999635607,0.999817787,0.027687943,4.778801009,18.28036499,0.558970658,1
0.224735454,0.034312983,0.768695785,0.954147393,0.4361403,0.000104145,2.47E-05,-3.48E-07,0.026379275,1.53E-05,6.16E-05,6.16E-05,0.999969202,0.999876813,0.999938404,-3.08E-05,4.312626344,19.11065674,0.550581234,1
0.248440731,0.051462517,0.591956696,-0.597439527,0.482641201,7.03E-05,-5.44E-05,6.38E-06,0.029820566,1.53E-05,0,0,1,1,1,1,4.893139036,17.36555481,0.550214501,1
0.355592017,0.086514184,0.236622672,-0.995552005,0.689841787,0.000410866,-0.000132599,-1.93E-05,0.042512588,1.53E-05,0.002756684,0.002756684,0.998621658,0.994267971,0.997129864,0.075939183,4.827364486,18.21217346,0.558209647,1
0.261690387,0.076470636,0.98758553,0.175695561,0.507440379,2.08E-05,0.000471589,5.45E-06,0.031308794,1.53E-05,0.001257753,0.001257753,0.999371124,0.997358876,0.998678564,0.09196328,4.205244414,19.00726318,0.556046051,1
0.405818446,0.072668014,0.206473246,-0.25633143,0.789273857,0.000457724,3.90E-05,2.66E-05,0.048638838,1.53E-05,0.0049158,0.0049158,0.9975421,0.989396415,0.994684062,0.139560128,5.143230647,17.02841187,0.552832146,1
0.258895216,0.054752646,0.63241466,0.063227587,0.501983249,-0.000251537,-5.80E-05,5.52E-05,0.030059788,1.53E-05,0.000266911,0.000266911,0.999866544,0.999456015,0.99972797,0.036903563,3.998670758,19.43432617,0.558687484,1
0.173833271,0.033329614,1.377821071,2.312197153,0.337292029,7.12E-05,0.000133194,-2.32E-05,0.0205853,1.53E-05,0,0,1,1,1,1,3.801232361,19.34265137,0.556497667,1
0.228762518,0.051958984,0.850288526,0.269470571,0.450892001,7.78E-05,0.000136124,-1.22E-05,0.028835544,1.53E-05,0,0,1,1,1,1,4.403350482,19.08026123,0.558205347,1
0.333506087,0.060324105,0.410432872,0.057715391,0.65393452,-3.23E-05,-0.000558809,-7.54E-06,0.040564248,1.53E-05,0.00208433,0.00208433,0.998957835,0.995630781,0.997812997,0.089547874,4.769048357,17.38453674,0.555663248,1
0.196495984,0.037771212,1.176888399,1.069302793,0.401385306,-0.000132614,0.000680241,-1.67E-05,0.030238852,1.53E-05,0,0,1,1,1,1,3.869846953,18.67234802,0.526957093,1
0.326327814,0.034665643,0.662549837,-0.213597791,0.643947487,3.41E-05,0.000470052,2.08E-05,0.041271263,1.53E-05,0,0,1,1,1,1,5.080844767,17.06739807,0.555526484,1
0.365043909,0.023529969,0.524598106,-0.159810655,0.719544045,0.000145667,4.94E-05,-4.87E-06,0.046121229,1.53E-05,5.90E-05,5.90E-05,0.999970478,0.999879366,0.999939681,0.041637144,4.512550364,16.8815918,0.555701968,1
0.440307019,0.075851969,0.440979816,-1.15829655,0.864108324,7.50E-06,0.000396131,1.28E-06,0.055153262,1.53E-05,0.000723809,0.000723809,0.999638096,0.998537832,0.999268648,0.020471295,5.112803262,15.97584534,0.554565857,1
0.243200085,0.038812627,1.119614211,1.408209208,0.476208366,3.48E-05,0.00020011,-8.47E-06,0.029997062,1.53E-05,0,0,1,1,1,1,5.068806723,16.68751526,0.544401189,1
0.306952024,0.055144705,1.637657702,2.822429217,0.656051541,0.001180589,0.000557359,1.37E-05,0.055410088,1.53E-05,0.012802144,0.012802144,0.993598928,0.96302284,0.981337046,0.461726326,4.808210801,16.8109436,0.860000716,1
0.174876912,0.040083405,1.023019376,0.47128358,0.339242255,-1.83E-05,9.43E-06,5.20E-05,0.020743611,1.53E-05,0.000146312,0.000146312,0.999926844,0.99969973,0.999849854,0.049926838,4.051951115,18.80735779,0.543411623,1
0.2136477,0.074680892,1.043126427,0.06582471,0.414248985,-0.000313261,0.000217427,-4.66E-05,0.02511731,1.53E-05,0.00316365,0.00316365,0.998418175,0.990522306,0.995249836,0.500031261,3.46190785,20.14932251,0.537117992,1
0.365496587,0.099270497,0.140236715,-1.365047871,0.708712264,6.27E-06,1.73E-05,-3.97E-05,0.04326499,1.53E-05,0.002867686,0.002867686,0.998566157,0.993543724,0.996766623,0.202979522,4.552739625,18.68981934,0.550990586,1
0.206505749,0.025793463,0.457670656,0.872097886,0.40062236,-0.000123999,5.09E-05,-1.62E-05,0.024719121,1.53E-05,0,0,1,1,1,1,4.152141165,17.47798157,0.557250297,1
0.267356065,0.05603034,0.569671445,-0.131629953,0.51840402,2.89E-05,0.000113398,2.15E-05,0.03159769,1.53E-05,6.16E-05,6.16E-05,0.999969202,0.999876813,0.999938404,-3.08E-05,4.594415929,18.28469849,0.550580988,1
0.155288696,0.030998386,0.663864344,-0.858766566,0.30400546,-0.000125319,-1.91E-05,-2.20E-06,0.019326503,1.53E-05,0,0,1,1,1,1,3.64877117,19.49298096,0.540039423,1
0.159241082,0.026247887,0.933839024,0.557557029,0.309061867,0.000413868,2.42E-05,-2.45E-05,0.018845513,1.53E-05,0,0,1,1,1,1,3.79866496,18.98202515,0.558058535,1
0.299644321,0.046814482,1.204444753,1.871853184,0.595298626,-4.34E-05,0.001343282,2.09E-06,0.037207782,1.53E-05,0.004599533,0.004599533,0.997700234,0.985066935,0.992505258,0.556120146,5.20456489,16.20904541,0.559262656,1
0.2123002,0.033667779,0.639748904,0.297593037,0.421013546,-0.000379626,-0.00056606,-9.28E-07,0.026993734,1.53E-05,0,0,1,1,1,1,4.116375931,18.67138672,0.560825563,1
0.25721268,0.037753475,0.935467052,1.46548467,0.520154849,-0.000197166,-0.004502364,-2.55E-06,0.032709648,1.53E-05,0,0,1,1,1,1,5.21339024,17.26533508,0.563757695,1
